source_pdf_page,column_index,day_pillar_top,day_pillar_votes,candidate_count,result_json
37,1,,0,0,ocr-results\pillars\page_037\col_01_pillar_ocr.json
37,2,,0,0,ocr-results\pillars\page_037\col_02_pillar_ocr.json
37,3,,0,0,ocr-results\pillars\page_037\col_03_pillar_ocr.json
37,4,甲子,4,1,ocr-results\pillars\page_037\col_04_pillar_ocr.json
37,5,,0,0,ocr-results\pillars\page_037\col_05_pillar_ocr.json
37,6,,0,0,ocr-results\pillars\page_037\col_06_pillar_ocr.json
37,7,,0,0,ocr-results\pillars\page_037\col_07_pillar_ocr.json
37,8,,0,0,ocr-results\pillars\page_037\col_08_pillar_ocr.json
37,9,,0,0,ocr-results\pillars\page_037\col_09_pillar_ocr.json
