date,edition,source_pdf_page,printed_page,lunar_date,day_pillar,wealth_direction,joy_direction,clash_zodiac,sha_direction,lunar_date_source,day_pillar_source,wealth_direction_source,joy_direction_source,clash_zodiac_source,sha_direction_source,verification_status,verification_notes,reviewed_by_human,verified_at,extraction_method,extraction_confidence
2026-10-14,香港永經堂通勝 2026,37,〇七三,九月初五,辛酉,正東,西南,兔,東,yong_jing_tang,yong_jing_tang,generic_rule,generic_rule,generic_rule,generic_rule,human_verified,"Date, lunar date, and day pillar checked against page 37; four derived fields use generic rules",True,2026-09-14T14:14:18+00:00,human_reviewed_publication_fields+generic_rule_derived_fields,1.0
2026-10-15,香港永經堂通勝 2026,37,〇七三,九月初六,壬戌,正南,正南,龍,北,yong_jing_tang,yong_jing_tang,generic_rule,generic_rule,generic_rule,generic_rule,human_verified,"Date, lunar date, and day pillar checked against page 37; four derived fields use generic rules",True,2026-09-14T14:14:18+00:00,human_reviewed_publication_fields+generic_rule_derived_fields,1.0
2026-10-16,香港永經堂通勝 2026,37,〇七三,九月初七,癸亥,正南,東南,蛇,西,yong_jing_tang,yong_jing_tang,generic_rule,generic_rule,generic_rule,generic_rule,human_verified,"Date, lunar date, and day pillar checked against page 37; four derived fields use generic rules",True,2026-09-14T14:14:18+00:00,human_reviewed_publication_fields+generic_rule_derived_fields,1.0
2026-10-17,香港永經堂通勝 2026,37,〇七三,九月初八,甲子,東北,東北,馬,南,yong_jing_tang,yong_jing_tang,generic_rule,generic_rule,generic_rule,generic_rule,human_verified,"Date, lunar date, and day pillar checked against page 37; four derived fields use generic rules",True,2026-09-14T14:14:18+00:00,human_reviewed_publication_fields+generic_rule_derived_fields,1.0
2026-10-18,香港永經堂通勝 2026,37,〇七三,九月初九,乙丑,東北,西北,羊,東,yong_jing_tang,yong_jing_tang,generic_rule,generic_rule,generic_rule,generic_rule,human_verified,"Date, lunar date, and day pillar checked against page 37; four derived fields use generic rules",True,2026-09-14T14:14:18+00:00,human_reviewed_publication_fields+generic_rule_derived_fields,1.0
2026-10-19,香港永經堂通勝 2026,37,〇七三,九月初十,丙寅,西南,西南,猴,北,yong_jing_tang,yong_jing_tang,generic_rule,generic_rule,generic_rule,generic_rule,human_verified,"Date, lunar date, and day pillar checked against page 37; four derived fields use generic rules",True,2026-09-14T14:14:18+00:00,human_reviewed_publication_fields+generic_rule_derived_fields,1.0
2026-10-20,香港永經堂通勝 2026,37,〇七三,九月十一,丁卯,西南,正南,雞,西,yong_jing_tang,yong_jing_tang,generic_rule,generic_rule,generic_rule,generic_rule,human_verified,"Date, lunar date, and day pillar checked against page 37; four derived fields use generic rules",True,2026-09-14T14:14:18+00:00,human_reviewed_publication_fields+generic_rule_derived_fields,1.0
2026-10-21,香港永經堂通勝 2026,37,〇七三,九月十二,戊辰,正北,東南,狗,南,yong_jing_tang,yong_jing_tang,generic_rule,generic_rule,generic_rule,generic_rule,human_verified,"Date, lunar date, and day pillar checked against page 37; four derived fields use generic rules",True,2026-09-14T14:14:18+00:00,human_reviewed_publication_fields+generic_rule_derived_fields,1.0
2026-10-22,香港永經堂通勝 2026,37,〇七三,九月十三,己巳,正北,東北,豬,東,yong_jing_tang,yong_jing_tang,generic_rule,generic_rule,generic_rule,generic_rule,human_verified,"Date, lunar date, and day pillar checked against page 37; four derived fields use generic rules",True,2026-09-14T14:14:18+00:00,human_reviewed_publication_fields+generic_rule_derived_fields,1.0
