source_pdf_page,section,action,width_points,height_points,rotation,word_count,text_character_count,embedded_image_count,has_text_layer,portrait
1,cover,exclude,370.44,706.32,0,0,0,1,False,True
2,solar_terms,separate,331.2,606.24,0,0,0,1,False,True
3,moon_phases,separate,344.88,615.96,0,0,0,1,False,True
4,daily_pages,extract,343.44,630.72,0,0,0,1,False,True
5,daily_pages,extract,362.16,635.76,0,0,0,1,False,True
6,daily_pages,extract,350.28,633.96,0,0,0,1,False,True
7,daily_pages,extract,349.56,639.72,0,0,0,1,False,True
8,daily_pages,extract,338.04,642.96,0,0,0,1,False,True
9,daily_pages,extract,338.4,646.2,0,0,0,1,False,True
10,daily_pages,extract,339.12,644.04,0,0,0,1,False,True
11,daily_pages,extract,341.64,657.36,0,0,0,1,False,True
12,daily_pages,extract,342.72,666.36,0,0,0,1,False,True
13,daily_pages,extract,336.6,654.84,0,0,0,1,False,True
14,daily_pages,extract,342.36,659.52,0,0,0,1,False,True
15,daily_pages,extract,352.8,659.88,0,0,0,1,False,True
16,daily_pages,extract,343.8,675.0,0,0,0,1,False,True
17,daily_pages,extract,342.36,666.72,0,0,0,1,False,True
18,daily_pages,extract,342.36,651.96,0,0,0,1,False,True
19,daily_pages,extract,344.16,666.72,0,0,0,1,False,True
20,daily_pages,extract,338.04,664.2,0,0,0,1,False,True
21,daily_pages,extract,349.92,664.92,0,0,0,1,False,True
22,daily_pages,extract,343.08,661.68,0,0,0,1,False,True
23,daily_pages,extract,331.56,660.24,0,0,0,1,False,True
24,daily_pages,extract,339.84,647.28,0,0,0,1,False,True
25,daily_pages,extract,339.48,650.88,0,0,0,1,False,True
26,daily_pages,extract,337.68,667.08,0,0,0,1,False,True
27,daily_pages,extract,339.48,678.6,0,0,0,1,False,True
28,daily_pages,extract,346.32,664.2,0,0,0,1,False,True
29,daily_pages,extract,354.24,661.32,0,0,0,1,False,True
30,daily_pages,extract,349.92,681.12,0,0,0,1,False,True
31,daily_pages,extract,344.88,668.52,0,0,0,1,False,True
32,daily_pages,extract,336.6,652.68,0,0,0,1,False,True
33,daily_pages,extract,349.56,652.32,0,0,0,1,False,True
34,daily_pages,extract,335.16,652.32,0,0,0,1,False,True
35,daily_pages,extract,331.56,666.0,0,0,0,1,False,True
36,daily_pages,extract,326.16,671.76,0,0,0,1,False,True
37,daily_pages,extract,328.32,663.84,0,0,0,1,False,True
38,daily_pages,extract,334.8,676.08,0,0,0,1,False,True
39,daily_pages,extract,331.92,681.12,0,0,0,1,False,True
40,daily_pages,extract,334.44,654.12,0,0,0,1,False,True
41,daily_pages,extract,329.76,667.8,0,0,0,1,False,True
42,daily_pages,extract,336.24,666.0,0,0,0,1,False,True
43,daily_pages,extract,327.96,673.2,0,0,0,1,False,True
44,daily_pages,extract,336.24,659.52,0,0,0,1,False,True
45,daily_pages,extract,337.68,677.88,0,0,0,1,False,True
46,daily_pages,extract,349.2,659.52,0,0,0,1,False,True
47,daily_pages,extract,336.6,666.0,0,0,0,1,False,True
48,daily_pages,extract,339.12,665.28,0,0,0,1,False,True
49,daily_pages,extract,339.84,682.2,0,0,0,1,False,True
50,daily_pages,extract,338.4,660.96,0,0,0,1,False,True
51,daily_pages,extract,340.2,654.84,0,0,0,1,False,True
52,reference_or_following_year,exclude,354.6,666.72,0,0,0,1,False,True
53,reference_or_following_year,exclude,337.32,678.6,0,0,0,1,False,True
