"source_pdf_page","column_index","date","lunar_month","mapping_source","notes"
"4","1","","","","Populate before date-based validation."
"4","2","","","","Populate before date-based validation."
"4","3","","","","Populate before date-based validation."
"4","4","","","","Populate before date-based validation."
"4","5","","","","Populate before date-based validation."
"4","6","","","","Populate before date-based validation."
"4","7","","","","Populate before date-based validation."
"4","8","","","","Populate before date-based validation."
"5","1","","","","Populate before date-based validation."
"5","2","","","","Populate before date-based validation."
"5","3","","","","Populate before date-based validation."
"5","4","","","","Populate before date-based validation."
"5","5","","","","Populate before date-based validation."
"5","6","","","","Populate before date-based validation."
"5","7","","","","Populate before date-based validation."
"5","8","","","","Populate before date-based validation."
"28","1","2026-08-13","七月","printed_page_sequence","Confirmed from page 28"
"28","2","2026-08-14","七月","printed_page_sequence","Confirmed from page 28"
"28","3","2026-08-15","七月","printed_page_sequence","Confirmed from page 28"
"28","4","2026-08-16","七月","printed_page_sequence","Confirmed from page 28"
"28","5","2026-08-17","七月","printed_page_sequence","Confirmed from page 28"
"29","1","2026-08-18","七月","printed_page_sequence","Confirmed from corrected page 29 crops and adjacent pages"
"29","2","2026-08-19","七月","printed_page_sequence","Confirmed from corrected page 29 crops and adjacent pages"
"29","3","2026-08-20","七月","printed_page_sequence","Confirmed from corrected page 29 crops and adjacent pages"
"29","4","2026-08-21","七月","printed_page_sequence","Confirmed from corrected page 29 crops and adjacent pages"
"29","5","2026-08-22","七月","printed_page_sequence","Confirmed from corrected page 29 crops and adjacent pages"
"29","6","2026-08-23","七月","printed_page_sequence","Confirmed from corrected page 29 crops and adjacent pages"
"29","7","2026-08-24","七月","printed_page_sequence","Confirmed from corrected page 29 crops and adjacent pages"
"29","8","2026-08-25","七月","printed_page_sequence","Confirmed from corrected page 29 crops and adjacent pages"
"30","1","2026-08-26","七月","printed_page_sequence","Confirmed from corrected eight-block Page 30 layout"
"30","2","2026-08-27","七月","printed_page_sequence","Confirmed from corrected eight-block Page 30 layout"
"30","3","2026-08-28","七月","printed_page_sequence","Confirmed from corrected eight-block Page 30 layout"
"30","4","2026-08-29","七月","printed_page_sequence","Confirmed from corrected eight-block Page 30 layout"
"30","5","2026-08-30","七月","printed_page_sequence","Confirmed from corrected eight-block Page 30 layout"
"30","6","2026-08-31","七月","printed_page_sequence","Confirmed from corrected eight-block Page 30 layout"
"30","7","2026-09-01","七月","printed_page_sequence","Confirmed from corrected eight-block Page 30 layout"
"30","8","2026-09-02","七月","printed_page_sequence","Confirmed from corrected eight-block Page 30 layout"
"31","1","2026-09-03","七月","printed_page_sequence","Confirmed from Page 31 crop review"
"31","2","2026-09-04","七月","printed_page_sequence","Confirmed from Page 31 crop review"
"31","3","2026-09-05","七月","printed_page_sequence","Confirmed from Page 31 crop review"
"31","4","2026-09-06","七月","printed_page_sequence","Confirmed from Page 31 crop review"
"31","5","2026-09-07","七月","printed_page_sequence","Confirmed from Page 31 crop review"
"31","6","2026-09-08","七月","printed_page_sequence","Confirmed from Page 31 crop review"
"31","7","2026-09-09","七月","printed_page_sequence","Confirmed from Page 31 crop review"
"31","8","2026-09-10","七月","printed_page_sequence","Confirmed from Page 31 crop review"
"32","1","2026-09-11","八月","printed_page_sequence","Confirmed from corrected Page 32 crop"
"32","2","2026-09-12","八月","printed_page_sequence","Confirmed from corrected Page 32 crop"
"32","3","2026-09-13","八月","printed_page_sequence","Confirmed from corrected Page 32 crop"
"32","4","2026-09-14","八月","printed_page_sequence","Confirmed from corrected Page 32 crop"
"32","5","2026-09-15","八月","printed_page_sequence","Confirmed from corrected Page 32 crop"
"35","1","2026-10-01","八月","printed_page_sequence","Confirmed from reviewed Page 35 crops"
"35","2","2026-10-02","八月","printed_page_sequence","Confirmed from reviewed Page 35 crops"
"35","3","2026-10-03","八月","printed_page_sequence","Confirmed from reviewed Page 35 crops"
"35","4","2026-10-04","八月","printed_page_sequence","Confirmed from reviewed Page 35 crops"
"35","5","2026-10-05","八月","printed_page_sequence","Confirmed from reviewed Page 35 crops"
"35","6","2026-10-06","八月","printed_page_sequence","Confirmed from reviewed Page 35 crops"
"35","7","2026-10-07","八月","printed_page_sequence","Confirmed from reviewed Page 35 crops"
"35","8","2026-10-08","八月","printed_page_sequence","Confirmed from reviewed Page 35 crops"
"35","9","2026-10-09","八月","printed_page_sequence","Confirmed from reviewed Page 35 crops"
"36","1","2026-10-10","九月","printed_page_sequence","Confirmed from Page 36 daily blocks; monthly Summary excluded"
"36","2","2026-10-11","九月","printed_page_sequence","Confirmed from Page 36 daily blocks; monthly Summary excluded"
"36","3","2026-10-12","九月","printed_page_sequence","Confirmed from Page 36 daily blocks; monthly Summary excluded"
"36","4","2026-10-13","九月","printed_page_sequence","Confirmed from Page 36 daily blocks; monthly Summary excluded"
"37","1","2026-10-14","九月","printed_page_sequence","Confirmed from reviewed Page 37 crops"
"37","2","2026-10-15","九月","printed_page_sequence","Confirmed from reviewed Page 37 crops"
"37","3","2026-10-16","九月","printed_page_sequence","Confirmed from reviewed Page 37 crops"
"37","4","2026-10-17","九月","printed_page_sequence","Confirmed from reviewed Page 37 crops"
"37","5","2026-10-18","九月","printed_page_sequence","Confirmed from reviewed Page 37 crops"
"37","6","2026-10-19","九月","printed_page_sequence","Confirmed from reviewed Page 37 crops"
"37","7","2026-10-20","九月","printed_page_sequence","Confirmed from reviewed Page 37 crops"
"37","8","2026-10-21","九月","printed_page_sequence","Confirmed from reviewed Page 37 crops"
"37","9","2026-10-22","九月","printed_page_sequence","Confirmed from reviewed Page 37 crops"
