source_pdf_page,section,expected_period,action,reviewed,notes
1,cover,,exclude,no,Candidate classification. Confirm visually before full extraction.
2,solar_terms,2026,separate,no,Candidate classification. Confirm visually before full extraction.
3,moon_phases,2026,separate,no,Candidate classification. Confirm visually before full extraction.
4,daily_pages,2026,extract,no,Candidate classification. Confirm visually before full extraction.
5,daily_pages,2026,extract,no,Candidate classification. Confirm visually before full extraction.
6,daily_pages,2026,extract,no,Candidate classification. Confirm visually before full extraction.
7,daily_pages,2026,extract,no,Candidate classification. Confirm visually before full extraction.
8,daily_pages,2026,extract,no,Candidate classification. Confirm visually before full extraction.
9,daily_pages,2026,extract,no,Candidate classification. Confirm visually before full extraction.
10,daily_pages,2026,extract,no,Candidate classification. Confirm visually before full extraction.
11,daily_pages,2026,extract,no,Candidate classification. Confirm visually before full extraction.
12,daily_pages,2026,extract,no,Candidate classification. Confirm visually before full extraction.
13,daily_pages,2026,extract,no,Candidate classification. Confirm visually before full extraction.
14,daily_pages,2026,extract,no,Candidate classification. Confirm visually before full extraction.
15,daily_pages,2026,extract,no,Candidate classification. Confirm visually before full extraction.
16,daily_pages,2026,extract,no,Candidate classification. Confirm visually before full extraction.
17,daily_pages,2026,extract,no,Candidate classification. Confirm visually before full extraction.
18,daily_pages,2026,extract,no,Candidate classification. Confirm visually before full extraction.
19,daily_pages,2026,extract,no,Candidate classification. Confirm visually before full extraction.
20,daily_pages,2026,extract,no,Candidate classification. Confirm visually before full extraction.
21,daily_pages,2026,extract,no,Candidate classification. Confirm visually before full extraction.
22,daily_pages,2026,extract,no,Candidate classification. Confirm visually before full extraction.
23,daily_pages,2026,extract,no,Candidate classification. Confirm visually before full extraction.
24,daily_pages,2026,extract,no,Candidate classification. Confirm visually before full extraction.
25,daily_pages,2026,extract,no,Candidate classification. Confirm visually before full extraction.
26,daily_pages,2026,extract,no,Candidate classification. Confirm visually before full extraction.
27,daily_pages,2026,extract,no,Candidate classification. Confirm visually before full extraction.
28,daily_pages,2026,extract,no,Candidate classification. Confirm visually before full extraction.
29,daily_pages,2026,extract,no,Candidate classification. Confirm visually before full extraction.
30,daily_pages,2026,extract,no,Candidate classification. Confirm visually before full extraction.
31,daily_pages,2026,extract,no,Candidate classification. Confirm visually before full extraction.
32,daily_pages,2026,extract,no,Candidate classification. Confirm visually before full extraction.
33,daily_pages,2026,extract,no,Candidate classification. Confirm visually before full extraction.
34,daily_pages,2026,extract,no,Candidate classification. Confirm visually before full extraction.
35,daily_pages,2026,extract,no,Candidate classification. Confirm visually before full extraction.
36,daily_pages,2026,extract,no,Candidate classification. Confirm visually before full extraction.
37,daily_pages,2026,extract,no,Candidate classification. Confirm visually before full extraction.
38,daily_pages,2026,extract,no,Candidate classification. Confirm visually before full extraction.
39,daily_pages,2026,extract,no,Candidate classification. Confirm visually before full extraction.
40,daily_pages,2026,extract,no,Candidate classification. Confirm visually before full extraction.
41,daily_pages,2026,extract,no,Candidate classification. Confirm visually before full extraction.
42,daily_pages,2026,extract,no,Candidate classification. Confirm visually before full extraction.
43,daily_pages,2026,extract,no,Candidate classification. Confirm visually before full extraction.
44,daily_pages,2026,extract,no,Candidate classification. Confirm visually before full extraction.
45,daily_pages,2026,extract,no,Candidate classification. Confirm visually before full extraction.
46,daily_pages,2026,extract,no,Candidate classification. Confirm visually before full extraction.
47,daily_pages,2026,extract,no,Candidate classification. Confirm visually before full extraction.
48,daily_pages,2026,extract,no,Candidate classification. Confirm visually before full extraction.
49,daily_pages,2026,extract,no,Candidate classification. Confirm visually before full extraction.
50,daily_pages,2026,extract,no,Candidate classification. Confirm visually before full extraction.
51,daily_pages,2026,extract,no,Candidate classification. Confirm visually before full extraction.
52,reference_or_following_year,,exclude,no,Candidate classification. Confirm visually before full extraction.
53,reference_or_following_year,,exclude,no,Candidate classification. Confirm visually before full extraction.
