source_pdf_page,column_index,image_kind,psm,mean_confidence,median_confidence,recognized_token_count,accepted_token_count,text_character_count,column_warning,ocr_json,status
37,1,original,5,22.7,3.5,40,40,84,True,ocr-results\page_037_col_01_original_psm5.json,created
37,1,original,6,18.13,9.0,46,46,93,True,ocr-results\page_037_col_01_original_psm6.json,created
37,1,processed,5,30.827,23.0,52,52,104,True,ocr-results\page_037_col_01_processed_psm5.json,created
37,1,processed,6,14.375,8.0,40,40,81,True,ocr-results\page_037_col_01_processed_psm6.json,created
37,2,original,5,10.828,0.0,29,29,61,True,ocr-results\page_037_col_02_original_psm5.json,created
37,2,original,6,16.746,2.0,67,67,137,True,ocr-results\page_037_col_02_original_psm6.json,created
37,2,processed,5,25.947,22.0,19,19,37,True,ocr-results\page_037_col_02_processed_psm5.json,created
37,2,processed,6,15.942,0.0,69,69,143,True,ocr-results\page_037_col_02_processed_psm6.json,created
37,3,original,5,18.765,0.0,34,34,68,True,ocr-results\page_037_col_03_original_psm5.json,created
37,3,original,6,16.708,0.0,48,48,100,True,ocr-results\page_037_col_03_original_psm6.json,created
37,3,processed,5,13.581,0.0,43,43,86,True,ocr-results\page_037_col_03_processed_psm5.json,created
37,3,processed,6,21.5,9.0,54,54,112,True,ocr-results\page_037_col_03_processed_psm6.json,created
37,4,original,5,24.296,3.0,27,27,56,True,ocr-results\page_037_col_04_original_psm5.json,created
37,4,original,6,25.237,11.0,38,38,79,True,ocr-results\page_037_col_04_original_psm6.json,created
37,4,processed,5,25.125,9.0,32,32,64,True,ocr-results\page_037_col_04_processed_psm5.json,created
37,4,processed,6,20.094,19.0,32,32,69,True,ocr-results\page_037_col_04_processed_psm6.json,created
37,5,original,5,,,0,0,0,True,ocr-results\page_037_col_05_original_psm5.json,created
37,5,original,6,18.65,7.5,40,40,89,True,ocr-results\page_037_col_05_original_psm6.json,created
37,5,processed,5,7.105,0.0,19,19,37,True,ocr-results\page_037_col_05_processed_psm5.json,created
37,5,processed,6,19.231,6.0,65,65,138,True,ocr-results\page_037_col_05_processed_psm6.json,created
37,6,original,5,28.723,15.0,47,47,95,True,ocr-results\page_037_col_06_original_psm5.json,created
37,6,original,6,16.757,5.0,37,37,77,True,ocr-results\page_037_col_06_original_psm6.json,created
37,6,processed,5,18.806,0.0,36,36,73,True,ocr-results\page_037_col_06_processed_psm5.json,created
37,6,processed,6,9.628,0.0,43,43,89,True,ocr-results\page_037_col_06_processed_psm6.json,created
37,7,original,5,32.846,27.0,52,52,108,True,ocr-results\page_037_col_07_original_psm5.json,created
37,7,original,6,14.267,0.0,86,86,178,True,ocr-results\page_037_col_07_original_psm6.json,created
37,7,processed,5,19.54,0.0,50,50,102,True,ocr-results\page_037_col_07_processed_psm5.json,created
37,7,processed,6,16.078,0.0,77,77,163,True,ocr-results\page_037_col_07_processed_psm6.json,created
37,8,original,5,22.895,11.5,38,38,75,True,ocr-results\page_037_col_08_original_psm5.json,created
37,8,original,6,19.22,0.0,41,41,81,True,ocr-results\page_037_col_08_original_psm6.json,created
37,8,processed,5,23.943,15.0,35,35,70,True,ocr-results\page_037_col_08_processed_psm5.json,created
37,8,processed,6,12.361,0.0,36,36,72,True,ocr-results\page_037_col_08_processed_psm6.json,created
37,9,original,5,28.467,20.0,30,30,60,True,ocr-results\page_037_col_09_original_psm5.json,created
37,9,original,6,18.617,3.0,47,47,97,True,ocr-results\page_037_col_09_original_psm6.json,created
37,9,processed,5,23.178,16.0,45,45,93,True,ocr-results\page_037_col_09_processed_psm5.json,created
37,9,processed,6,23.531,15.0,32,32,64,True,ocr-results\page_037_col_09_processed_psm6.json,created
